id,first_name,last_name,birthdate
1,Caralie,Mattschas,2022-08-21
2,Jody,Fones,2022-10-16
3,Rosalia,Popov,2022-12-30
4,Pattie,Putnam,2022-11-28
5,Obadias,Filipov,2022-06-23
6,Addison,Tagg,2023-04-23
7,Fallon,Vials,2023-04-17
8,Tyson,Popley,2022-08-20
9,Dev,Tomas,2022-06-24
10,Erica,Beamand,2022-09-27
11,Curtice,Paragreen,2022-12-13
12,Perry,Faires,2022-07-05
13,Zia,Brozek,2022-12-20
14,Mattie,Boullin,2022-06-23
15,Talbot,Cogley,2023-03-12
16,Binky,Attwood,2023-02-02
17,Salmon,Waldie,2023-04-03
18,Jorry,Meldon,2023-03-24
19,Christoper,Stot,2023-03-22
20,Odille,Rudham,2022-07-17
21,Vite,Alfonsetti,2023-02-03
22,Shurwood,Pay,2023-03-05
23,Edee,Hugues,2023-03-03
24,Arnuad,Banbrook,2023-03-10
25,Flori,Calow,2022-06-24
26,Marcela,Anthoney,2022-06-24
27,Duffie,Mathevon,2022-08-17
28,Marne,Bucknill,2022-09-03
29,Tate,Simko,2022-08-22
30,Wilow,Berr,2022-08-25
31,Ced,Cadwell,2022-12-20
32,Bertram,Ianniello,2023-05-26
33,Kerwin,Clemot,2022-09-16
34,Jackie,Southorn,2022-08-15
35,Barbabas,Perris,2023-04-05
36,Erick,Lynnett,2023-05-29
37,Wat,Jonsson,2023-04-09
38,Annette,Matveiko,2022-12-15
39,Tabbatha,Roobottom,2022-09-15
40,Woodman,Ayscough,2023-02-19
41,Christophe,Thunderchief,2022-10-30
42,Diandra,Hillaby,2023-03-10
43,Rosie,Colbertson,2022-07-14
44,Christye,Verner,2022-11-15
45,Babara,Wafer,2022-07-19
46,Vladimir,Seamarke,2023-03-16
47,Wallis,Binge,2022-11-19
48,Serene,Sawforde,2022-12-09
49,Kariotta,Borit,2022-08-19
50,Hyacinthie,De la croix,2022-07-17
51,Pietro,Lope,2022-10-11
52,Maryanna,Pauer,2022-08-06
53,Rhianna,Castro,2023-06-16
54,Georgeta,Axon,2023-01-09
55,Janaya,Bramo,2022-08-15
56,Rivkah,Mergue,2022-07-07
57,Ariadne,Garrud,2023-02-19
58,Tremaine,Greenset,2023-03-11
59,Doralynn,Stanwix,2022-07-27
60,Janela,Warry,2022-07-22
61,Geri,Lackie,2023-01-29
62,Jazmin,Thresher,2023-01-15
63,Daven,Mallinson,2022-11-28
64,Gerrie,Leyes,2023-03-18
65,Tymothy,Perroni,2022-08-20
66,Neill,Bywaters,2023-05-03
67,Liam,Faulo,2022-11-06
68,Lacee,Load,2023-01-10
69,Timmie,Di Baudi,2023-05-22
70,Abigale,Christopherson,2023-05-16
71,Mohandas,Aynsley,2023-01-01
72,Corissa,Cornall,2022-12-28
73,Denney,Feldstern,2022-11-16
74,Patten,Everleigh,2022-12-07
75,Leroy,Rozycki,2022-09-17
76,Addy,McKain,2023-05-14
77,Jorey,Thwaite,2023-01-03
78,Rosella,Bransden,2022-12-12
79,Shannan,Cristoforetti,2023-02-13
80,Jacklyn,Inkle,2023-02-24
81,Melisa,Bedrosian,2022-11-27
82,Vale,Woolbrook,2022-08-11
83,Jillie,Adrienne,2023-01-14
84,Rodi,Grisewood,2022-12-04
85,Wylie,Caze,2023-05-30
86,Paloma,Riepel,2023-02-28
87,Randolph,Fischer,2023-01-11
88,Karylin,Swett,2023-02-06
89,Tiffy,Jeenes,2022-09-17
90,Janice,Kilduff,2023-06-12
91,Mureil,Newens,2022-07-11
92,Vyky,Olechnowicz,2023-04-01
93,Yehudi,Ellicott,2023-03-26
94,Constantia,Porkiss,2022-09-16
95,Rosamund,Buscher,2022-07-25
96,Den,Ricards,2022-08-27
97,Sunny,Scotchbourouge,2022-12-24
98,Arin,Tallet,2023-06-17
99,Bartolomeo,Wrighton,2023-02-24
100,Rae,Rediers,2023-05-02
101,Philbert,Cowles,2023-04-27
102,Lynett,Bakeup,2023-06-03
103,Mae,Landeaux,2023-02-02
104,Evey,Baskett,2023-01-17
105,Bernarr,Milbourn,2022-11-08
106,Mitchel,Howett,2022-06-22
107,Clerissa,Larkworthy,2023-05-15
108,Dale,Ullock,2022-11-09
109,Poppy,Casina,2023-06-10
110,Sena,Abercromby,2023-05-24
111,Annice,Willingale,2022-08-21
112,Costanza,Hriinchenko,2022-09-30
113,Juline,Gozzett,2022-07-09
114,Harper,Armfield,2023-05-07
115,Alonzo,Colquitt,2023-05-10
116,Norah,Horsfield,2023-01-16
117,Wheeler,Feaster,2022-08-19
118,Alis,Surgeon,2022-08-01
119,Cathleen,Rawles,2023-01-23
120,Spencer,Fierro,2023-04-30
121,Betty,Papa,2022-12-12
122,Farand,Beale,2022-10-08
123,Ealasaid,Lewsley,2022-07-11
124,Ellette,Pim,2023-04-09
125,Evaleen,Martonfi,2023-03-29
126,Fee,Benbrick,2023-05-10
127,Stephani,Swatland,2022-09-26
128,Roderick,Temprell,2023-04-15
129,Rad,Shepherdson,2023-01-17
130,Phillipe,Harfleet,2022-08-27
131,Glynda,Omrod,2023-05-07
132,Patrice,Popple,2023-03-16
133,Sybyl,Farrear,2023-05-29
134,Jacquenette,Wretham,2022-10-09
135,Garald,Kilgannon,2023-02-19
136,Brockie,Kent,2023-03-10
137,Randa,Rijkeseis,2023-03-12
138,Fowler,Hellmer,2023-06-14
139,Joan,Hegge,2022-08-16
140,Lilian,Erni,2022-12-21
141,Blaire,Huntall,2022-07-28
142,Ned,Adamov,2022-10-09
143,Sigismund,Mews,2022-11-01
144,Reginald,Masding,2022-07-14
145,Leona,Hadwick,2023-03-02
146,Courtenay,Scalera,2023-05-05
147,Starla,Champness,2022-08-22
148,Bent,Cranham,2022-10-12
149,Kiele,Beel,2023-01-09
150,Renado,Doodney,2022-08-20
151,Sunny,Eastam,2022-09-05
152,Jaime,Tallant,2022-10-12
153,Yetta,Howey,2022-07-12
154,Gran,Paynes,2023-05-11
155,Sally,Shapiro,2023-06-12
156,Keelby,Petrushanko,2023-05-25
157,Bealle,Yakubovics,2023-02-26
158,Rudolfo,Temperley,2022-07-29
159,Fina,Bugs,2022-12-31
160,Daffie,Leek,2022-11-21
161,Radcliffe,Biddwell,2023-03-17
162,Emmet,Munby,2023-06-16
163,Sonja,Ranns,2022-08-16
164,Ronald,Sausman,2022-08-08
165,Kirsten,Withrington,2022-12-26
166,Aldrich,Bernhardt,2023-05-25
167,Theressa,Rendle,2023-06-17
168,Halimeda,Trematick,2022-09-10
169,Aeriell,McKissack,2022-07-13
170,Blondelle,Donovan,2022-11-19
171,Buddy,Fashion,2023-01-13
172,Arv,Byng,2023-05-02
173,Germain,Agate,2022-10-07
174,Madelene,Wellstood,2022-11-08
175,Deeyn,Macauley,2023-01-28
176,Philip,Jaimez,2023-05-26
177,Cristobal,Beau,2022-06-24
178,Mathian,De Beauchamp,2022-08-21
179,Moises,Thurby,2022-08-14
180,Miriam,Penrice,2022-07-12
181,Leena,De Gregoli,2023-04-16
182,Haven,Spurnier,2022-09-20
183,Fons,Stelfax,2022-08-17
184,Spencer,Rousel,2022-09-23
185,Chloe,Garnar,2022-09-20
186,Daria,Dunster,2023-01-06
187,Joshuah,Genner,2023-06-19
188,Oriana,Prator,2023-03-22
189,Wenona,Denizet,2022-09-24
190,Oswell,Bristowe,2022-09-09
191,Stern,Andrzej,2023-03-01
192,Grazia,Mashro,2023-06-12
193,Hastings,Hought,2022-11-26
194,Mohandis,Manjot,2023-04-11
195,Haleigh,Eirwin,2022-11-28
196,Jose,Quincee,2022-07-05
197,Estele,Birchner,2022-11-03
198,Ruthy,Stein,2022-12-14
199,Dorian,Beaston,2023-06-11
200,Ced,Mary,2023-01-31
201,Abbe,Deery,2023-05-11
202,Aurore,Clawe,2023-03-23
203,Cully,Deguara,2022-12-04
204,Phedra,Mustoe,2022-10-21
205,Saunder,Kinnach,2022-11-27
206,Alicia,Darragon,2022-12-26
207,Gayel,Despenser,2023-06-02
208,Sidonnie,Hiley,2022-10-17
209,Karon,Ferreiro,2022-06-25
210,Loydie,Swainger,2022-12-12
211,Joelle,Cooch,2023-03-05
212,Philippe,Conduit,2023-04-19
213,Briggs,Lovatt,2023-04-04
214,Evaleen,Treadger,2022-12-29
215,Jerrylee,Joskowitz,2022-10-13
216,Myer,Gagin,2023-01-30
217,Oliver,Wandrey,2022-08-24
218,Percival,Bleesing,2022-06-29
219,Morty,MacCaughey,2022-07-27
220,Lewiss,Norcott,2022-12-29
221,Elisabetta,Rickford,2023-02-12
222,Evyn,Gudahy,2023-04-23
223,Dot,Tolmie,2023-05-16
224,Roxine,McInteer,2023-02-02
225,Ashlee,Fazan,2022-10-11
226,Anabel,Towriss,2022-10-07
227,Elaine,Lutty,2023-02-06
228,Lucy,Cammidge,2023-01-22
229,Beryle,Proudlove,2023-04-12
230,Gretchen,Hovard,2022-09-07
231,Corby,Grimmer,2022-09-27
232,Stephine,Lamas,2022-10-07
233,Allyson,Gwillim,2022-07-02
234,Paquito,Hickeringill,2022-09-25
235,Clea,Goering,2022-09-22
236,Janina,Shewry,2022-09-22
237,Husain,Cattemull,2023-04-09
238,Nannette,Shuker,2023-05-09
239,Dylan,Flather,2022-10-04
240,Robinet,Mebs,2023-01-29
241,Jenni,Goodday,2022-12-07
242,Lilian,Lampen,2023-04-02
243,Tamqrah,Delue,2022-08-04
244,Fritz,Moraleda,2022-10-24
245,Alanna,Durrett,2023-06-11
246,Kerri,Mableson,2022-10-09
247,Shellysheldon,Tarbatt,2023-06-02
248,Dorolisa,Benz,2023-01-30
249,Myrna,Lydall,2023-01-28
250,Lindy,Beviss,2023-04-08
251,Zacharia,Zanitti,2023-04-06
252,Dorey,Hymor,2023-03-24
253,Daniela,Crispe,2022-10-30
254,Dasi,Rhydderch,2022-10-28
255,Jason,Richmond,2023-03-01
256,Joby,Janovsky,2023-01-25
257,Arabele,Shackel,2023-04-24
258,Theresina,Brine,2023-04-09
259,Selene,Sola,2023-04-20
260,Giustina,Uccelli,2023-03-08
261,Haily,McManamon,2022-08-31
262,Tarah,Reynolds,2023-03-23
263,Jeanna,Limer,2023-06-03
264,Raimund,Celler,2022-07-03
265,Carmita,Terran,2023-03-02
266,Roseline,Savege,2022-07-26
267,Weylin,Bignall,2023-02-09
268,Ari,Gilbert,2022-10-27
269,Alanson,McCormick,2023-01-03
270,Penny,Backen,2022-11-14
271,Jessa,Uppett,2022-12-20
272,Denys,Sanday,2023-02-16
273,Helga,Levy,2023-01-25
274,Goddart,Beades,2022-07-09
275,Puff,Dilon,2022-09-30
276,Lynette,Drinkwater,2023-03-19
277,Roddy,Raiment,2022-10-01
278,Jasmine,Thurman,2022-09-12
279,Goldy,Decruse,2022-06-30
280,Astrix,Harry,2023-03-09
281,Meredith,Hane,2022-12-11
282,Judon,Buzin,2022-11-12
283,Thaine,Zappel,2022-11-11
284,Nolana,Mansell,2023-06-03
285,Zed,Carlsen,2023-02-17
286,Maurice,Copperwaite,2022-10-21
287,Desdemona,Lindley,2023-01-23
288,Aguie,Sterrie,2022-09-12
289,Geneva,Faers,2022-06-28
290,Bengt,Spileman,2022-09-01
291,Randene,Dammarell,2022-12-06
292,Andrea,Fuentez,2022-07-03
293,Gayla,Morgon,2023-02-23
294,Kristopher,Bedow,2022-09-05
295,Boy,Yetts,2023-06-06
296,Randy,Ege,2023-06-18
297,Duane,Hargie,2022-08-15
298,Mateo,Bohin,2022-12-31
299,Masha,Goodacre,2023-03-13
300,Klement,MacCurlye,2023-01-23
301,Dyanne,Belleny,2022-10-15
302,Gerard,Eates,2022-11-25
303,Jillie,Leftridge,2022-12-28
304,Cariotta,Filov,2023-02-20
305,Ailina,Capstick,2023-05-13
306,Valentijn,Jeskin,2022-10-11
307,Mollee,Cumber,2023-01-20
308,Elora,Spurritt,2022-12-16
309,Harmonie,Matusevich,2022-10-14
310,Kelby,Dennistoun,2022-11-22
311,Carny,Gianolo,2022-09-20
312,Margarete,Beadon,2022-07-13
313,Dulsea,Fergyson,2022-06-22
314,Madeline,Woodruffe,2022-12-17
315,Bernie,Rickards,2022-11-18
316,Romona,Feenan,2022-11-06
317,Edin,Piercey,2022-11-19
318,Dody,Chisnall,2023-04-10
319,Calla,Scrannage,2022-06-27
320,Corina,Tuerena,2022-10-28
321,Willamina,Pellman,2022-09-20
322,Neddy,Strudwick,2022-12-25
323,Inessa,Aylmer,2023-03-01
324,Ted,Carnaman,2023-02-18
325,Edin,Eaddy,2023-02-20
326,Spencer,Fells,2023-06-17
327,Carin,Edgin,2022-11-23
328,Erhard,Cockley,2022-12-25
329,Eolanda,Mattack,2023-03-16
330,Evonne,Kruszelnicki,2023-02-26
331,Marisa,Harriday,2022-12-02
332,Samuel,Koch,2022-08-29
333,Alfi,Boribal,2023-03-04
334,Morgan,Shitliff,2023-01-04
335,Leona,Dengate,2023-01-15
336,Harlen,Liepina,2022-11-23
337,Charo,Smedmore,2022-08-17
338,Romola,Antliff,2023-01-04
339,Jolynn,Garstan,2023-02-07
340,Minnnie,Klemensiewicz,2023-01-15
341,Basilio,McColley,2023-02-08
342,Adria,Nairne,2022-07-08
343,Angel,Matasov,2022-09-28
344,Dione,Fulks,2022-07-03
345,Harmonia,Orht,2023-04-28
346,Salvatore,Gavey,2023-04-17
347,Ruth,Batcock,2023-04-08
348,Chelsae,Hutcheon,2022-12-16
349,Laurens,Dyerson,2023-03-26
350,Obie,De Francisci,2023-06-09
351,Jacob,Loweth,2022-11-23
352,Sigismond,Redd,2022-09-10
353,Torey,Langrish,2022-11-23
354,Dael,Joanic,2022-07-19
355,Stinky,Scandrett,2022-06-29
356,Taryn,Slowley,2022-10-04
357,Anica,Heggison,2022-07-11
358,Johannah,Forcer,2022-07-16
359,Claudius,Devoy,2023-04-02
360,Reagen,Cleynman,2022-12-10
361,Deny,Comolli,2022-12-14
362,Oralee,Sheardown,2023-06-09
363,Sander,Siene,2023-03-10
364,Carlyle,Hurley,2023-03-14
365,Monique,Scholefield,2023-06-15
366,Donny,Camings,2022-11-30
367,Vasili,Rilings,2022-11-04
368,Deerdre,Starsmore,2022-09-08
369,Carlyle,Mellhuish,2023-04-17
370,Hatti,Mullenger,2022-08-12
371,Robin,Buntain,2022-09-06
372,Chantal,Curteis,2023-05-18
373,Florentia,Jahan,2022-08-14
374,Janka,Dundon,2022-12-10
375,Flori,Cassius,2022-07-22
376,Arlinda,Showen,2022-09-03
377,Elvyn,Cato,2023-02-07
378,Pincas,Wetherby,2022-08-10
379,Alis,Lideard,2022-11-22
380,Marla,Cherrie,2023-03-07
381,Arlinda,Glasson,2022-09-08
382,Farrah,Yitzhakof,2023-01-20
383,Lucine,Coventon,2022-10-06
384,Isabelle,MacGinley,2023-04-06
385,Orelie,Gurnee,2023-01-22
386,Roz,Edwicker,2023-04-14
387,Tobey,Chettle,2022-10-28
388,Morgen,Hitchens,2022-09-05
389,Alfy,Mariolle,2022-12-09
390,Leonardo,Cleef,2023-05-18
391,Reinaldos,Di Baudi,2022-07-01
392,Ruy,Macoun,2022-09-24
393,Aindrea,Bruntje,2022-09-04
394,Bar,Nickoll,2022-12-28
395,Amerigo,Child,2022-12-31
396,Lester,Ruppertz,2023-03-14
397,Franciskus,O' Dornan,2022-10-26
398,Jackie,Beardsall,2022-07-11
399,Selene,Mouncey,2022-11-09
400,Angela,Halsho,2022-08-21
401,Lilah,Tant,2022-10-08
402,Eleanore,Wondraschek,2023-03-02
403,Keenan,Feek,2022-12-13
404,Cecily,Nealand,2022-10-09
405,Lianna,Jobling,2022-07-09
406,Genna,Gowans,2022-12-13
407,Verena,Rottcher,2022-06-26
408,Brien,Impey,2023-02-12
409,Mable,Terzi,2022-08-14
410,Idalia,Wibrow,2023-06-18
411,Atlante,Carnilian,2022-12-05
412,Englebert,Revill,2022-11-14
413,Yelena,Titman,2023-03-21
414,Sherrie,Kobierra,2022-07-06
415,Florella,Pettis,2022-09-06
416,Cicely,Borg,2023-05-21
417,Maximilien,McKomb,2023-01-13
418,Jephthah,Kinnon,2022-08-15
419,Anatol,Garoghan,2023-03-09
420,Yurik,Rivard,2022-08-16
421,Carolynn,Melsom,2023-03-01
422,Bevvy,Skilton,2023-02-20
423,Denis,Ladbrooke,2022-10-18
424,Geordie,Whistlecraft,2022-07-06
425,Jae,Doodney,2022-12-01
426,Baxie,Bernadzki,2022-07-08
427,Pia,Langdale,2022-07-04
428,Englebert,Pibsworth,2023-03-27
429,Linnet,Quarton,2023-01-27
430,Britt,De Paepe,2022-10-18
431,Flo,Paudin,2022-11-11
432,Rici,Youell,2022-10-02
433,Alix,Yakunin,2022-11-17
434,Cindi,Feldberger,2022-10-05
435,Teirtza,Garstan,2023-06-03
436,Ashton,Valens-Smith,2023-04-05
437,Arline,Ostridge,2023-05-18
438,Tiertza,Barrett,2023-03-17
439,Barn,Gregol,2023-05-31
440,Danica,Cocci,2023-02-09
441,Wrennie,Foan,2023-04-16
442,Sidney,Stracey,2022-10-24
443,Benito,Pesik,2022-08-25
444,Mufi,Pakes,2022-06-22
445,Griffith,Tomsen,2022-10-04
446,Annemarie,Herkess,2023-01-26
447,Phil,Wilfinger,2023-04-14
448,Chelsae,Tomblin,2023-03-08
449,Elvyn,Bellamy,2023-05-13
450,Nariko,Stilwell,2022-08-02
451,Nickey,Eyes,2023-03-04
452,Mamie,Malacrida,2023-01-17
453,Gabbey,MacLaren,2022-10-09
454,Arleta,Satterthwaite,2023-01-07
455,Kermit,Pretsell,2022-12-22
456,Tucker,Arnaudet,2023-02-25
457,Wendall,Tosdevin,2023-03-11
458,Worth,Volage,2022-06-27
459,Idalia,Willeson,2022-09-23
460,Devland,Pendlington,2023-05-03
461,Selestina,Wilcot,2022-07-18
462,Min,Demoge,2023-05-22
463,Benedetta,Perot,2022-08-03
464,Cheslie,Campanelli,2023-05-04
465,Emmerich,Winney,2022-12-11
466,Georgine,Wadhams,2023-05-08
467,Augie,Showler,2023-05-11
468,Blaire,Clutheram,2022-09-30
469,Bidget,Baynom,2022-06-21
470,Riccardo,Smee,2023-04-22
471,Lorri,Garvagh,2022-10-30
472,Erhard,Simo,2023-03-28
473,Kristel,Whyler,2023-02-01
474,Maia,Standish-Brooks,2023-01-16
475,Loraine,Cordeix,2022-09-09
476,Franchot,Digan,2023-06-12
477,Hurley,McAleese,2023-01-15
478,Kellen,Menure,2022-09-12
479,Perla,Schreurs,2022-06-23
480,Rhodia,Dartnell,2022-08-05
481,Florella,Gomez,2023-04-04
482,Gertrude,Venditti,2022-07-03
483,Smith,Dundredge,2022-07-16
484,Tatiania,Welling,2023-04-22
485,Andreas,Robardet,2023-02-05
486,Bernhard,Viccars,2023-02-14
487,Marje,Hudd,2022-10-08
488,Dionisio,Masurel,2022-08-04
489,Eldridge,Goundsy,2022-12-14
490,Marylynne,Handforth,2023-02-17
491,Breena,Litton,2023-03-07
492,Farlee,Mulcaster,2023-01-25
493,Esteban,Brandle,2022-12-15
494,Tonnie,Minger,2023-02-21
495,Tessie,Jankin,2022-09-29
496,Hoyt,Snelson,2022-12-30
497,Cinda,Tourle,2022-09-24
498,Isabella,Gianelli,2023-05-01
499,Torr,Twitchett,2023-01-11
500,Markos,Latore,2023-04-03
501,Catlin,Dearle-Palser,2023-04-18
502,Linette,Vayne,2022-12-01
503,Hillier,Vasyukhnov,2023-04-07
504,Robina,Haberfield,2022-06-26
505,Hilary,Scuse,2023-04-12
506,Riannon,Albarez,2022-11-01
507,Arri,Highnam,2023-03-20
508,Danika,Novis,2022-10-12
509,Geralda,Beardon,2023-02-13
510,Astrid,Geertsen,2023-04-26
511,Allissa,Johannesson,2022-12-26
512,Carie,Huddleston,2022-06-30
513,Percival,Saura,2022-11-03
514,Eugine,Sloegrave,2023-06-01
515,Karleen,Trood,2023-05-26
516,Caryl,Versey,2022-09-15
517,Cristen,Lathleiff,2022-11-24
518,Kendricks,Gareisr,2023-04-19
519,Katuscha,Dunnion,2023-02-26
520,Mano,Elphinston,2022-08-13
521,Cyndia,Baird,2023-05-20
522,Tobe,De la Barre,2022-10-02
523,Layne,Ruckledge,2023-05-07
524,Babs,Pietroni,2022-09-16
525,Mikaela,Adriani,2023-04-27
526,Thekla,Stear,2022-12-26
527,Garret,Guinane,2022-11-22
528,Katti,Brandenberg,2023-05-22
529,Jill,Troker,2023-04-21
530,Ebeneser,todor,2022-11-08
531,Noble,Lomax,2022-11-18
532,Simonette,Allday,2023-02-28
533,Bogey,Lightbowne,2022-11-07
534,Lotta,Mertel,2022-11-22
535,Andrew,Aveson,2023-05-21
536,Arvie,Sowrey,2022-12-21
537,Cooper,Botterell,2023-01-25
538,Melosa,Rickert,2022-07-12
539,Yettie,Barten,2023-01-10
540,Patsy,Scoffins,2022-08-01
541,Daven,Stebles,2023-03-11
542,Carlota,Mullineux,2022-08-11
543,Nero,Scardafield,2022-07-17
544,Maud,Beceril,2023-06-19
545,Talbert,Morl,2023-01-25
546,Nanny,Dalloway,2023-06-14
547,Pippo,Hortop,2023-06-20
548,Lurleen,Caser,2023-06-06
549,Georgeanna,Drable,2022-06-22
550,Toinette,Whittall,2022-08-16
551,Hestia,Boagey,2022-11-03
552,Mikaela,Costall,2023-04-30
553,Karna,Haggish,2022-09-16
554,Zebulen,Sigward,2023-03-26
555,Alli,Blemings,2022-07-26
556,Cyndie,Hardan,2023-02-20
557,Cacilie,Mynett,2022-09-11
558,Sherie,Bagehot,2022-11-01
559,Lauretta,Smorthit,2022-10-12
560,Theodora,Barwell,2022-09-16
561,Lula,Mussared,2022-10-03
562,Clevie,Howling,2022-09-22
563,Florri,Nendick,2023-02-10
564,Shandra,Heintzsch,2022-07-18
565,Abra,Pigford,2023-05-03
566,Emery,Padden,2022-07-11
567,Corette,McCartan,2022-07-15
568,Fey,Lembcke,2022-10-07
569,Nissa,Teanby,2022-07-05
570,Catlaina,Chaldecott,2022-12-12
571,Waylin,Cancellor,2022-12-28
572,Aimee,Creser,2023-06-13
573,Jake,Romeril,2022-09-15
574,Rina,Ortiger,2022-08-03
575,Kellia,Ayerst,2022-07-06
576,Wenda,Newitt,2022-08-31
577,Sybil,Normand,2022-11-01
578,Noelyn,Petrenko,2023-04-23
579,Kurt,Leteurtre,2023-03-20
580,Cammy,Bonanno,2023-02-25
581,Micheil,Addams,2022-06-29
582,Mahmoud,Firmin,2023-06-06
583,Alic,Headech,2023-04-28
584,Charlena,Heinig,2023-05-28
585,Sydel,Tremblot,2023-05-28
586,Ninnetta,Spriddle,2023-02-05
587,Abie,Jandourek,2023-02-24
588,Herc,Cowle,2023-06-12
589,Emili,Lipyeat,2023-01-28
590,Erroll,Mapp,2023-02-20
591,Ahmed,Grundle,2022-07-11
592,Karine,MacNaughton,2022-10-13
593,Armando,Ricciardiello,2023-02-25
594,Dareen,Clawe,2022-09-22
595,Ellette,Baldacco,2022-11-10
596,Marinna,McGorley,2022-09-26
597,Natalina,Banford,2023-03-10
598,Bliss,Arboine,2023-06-03
599,Faith,Learmouth,2022-09-16
600,Georg,Beckford,2022-11-27
601,Craggie,McWhorter,2022-09-18
602,Dalli,Llewellyn,2023-05-24
603,Kenneth,Bittleson,2022-10-10
604,Juana,Mackin,2022-10-18
605,Francisca,Artiss,2023-05-20
606,Caty,Westrope,2022-07-21
607,Cesar,Boughtwood,2022-12-23
608,Cassandre,Farnaby,2022-11-01
609,Fannie,McMahon,2023-04-04
610,Joane,Beelby,2022-07-27
611,Woodie,Streather,2022-09-15
612,Fancie,Turmall,2022-12-19
613,Valentine,Wasylkiewicz,2023-01-30
614,Ninette,Scalia,2023-02-17
615,Rabi,Kerwick,2022-11-05
616,Andie,Taphouse,2022-12-09
617,Benoite,Cringle,2022-09-04
618,Nicholas,Oulet,2023-05-30
619,Lyndsey,Arsey,2022-12-16
620,Dagmar,Culy,2022-10-17
621,Nicky,Salway,2023-04-08
622,Sonja,Volante,2023-02-12
623,Taber,Ivetts,2023-01-25
624,Tomkin,Meric,2022-07-14
625,Gillan,Kilday,2022-07-07
626,Marnie,Le Ball,2023-04-06
627,Francesco,Jeannequin,2022-10-11
628,Amos,De Ambrosis,2022-10-22
629,Dru,King,2022-11-30
630,Mitchel,Cosins,2023-02-05
631,Ringo,Queste,2023-02-11
632,Brose,Furst,2023-05-10
633,Caron,Hessenthaler,2022-09-25
634,Dixie,Vassar,2023-05-05
635,Dallas,Kelberer,2023-02-17
636,Cesare,Helis,2022-07-29
637,Haley,McGarrahan,2022-07-29
638,Stanfield,Ingarfill,2023-04-08
639,Katrine,Dri,2022-08-19
640,Kit,Yare,2023-02-20
641,Concettina,Kynder,2023-03-20
642,Ashia,Garmons,2022-10-05
643,Ray,Tinline,2022-08-11
644,Phillida,D'Hooghe,2022-09-02
645,Koressa,Canet,2023-06-13
646,Marlin,Morstatt,2022-07-14
647,Jacky,Thomke,2023-05-20
648,Belita,Hattam,2022-12-07
649,Ripley,McColgan,2023-06-07
650,Free,Durdy,2022-06-22
651,Mikaela,Carrell,2022-10-18
652,Merrielle,Georgelin,2022-11-12
653,Loni,Toopin,2023-03-09
654,Caye,Karlqvist,2023-04-21
655,Collin,Stratley,2023-02-07
656,Ashlee,Barbrick,2023-02-10
657,Horst,Cavalier,2022-10-16
658,Mort,Hamprecht,2022-10-30
659,Cal,Huck,2023-05-19
660,Nerissa,Wedgbrow,2022-08-10
661,Ilario,Spellar,2022-08-14
662,Mill,De Freyne,2023-04-04
663,Charo,Byles,2023-05-16
664,Parke,Baalham,2022-12-03
665,Tiffany,Rouf,2022-10-25
666,Vasily,Norley,2022-08-27
667,Kym,Smails,2023-01-13
668,Audy,Priditt,2023-04-01
669,Cecilia,Tomlin,2023-02-10
670,Osbert,Oliveti,2022-12-06
671,Bessie,Shinner,2023-02-05
672,Crissy,O'Hogertie,2022-08-22
673,Rodi,Cratere,2022-07-22
674,Stillmann,Courtese,2023-02-02
675,Ilysa,Classen,2022-09-27
676,Adams,Cuttin,2023-04-22
677,Ruddy,Barnsdall,2022-06-25
678,Frederica,McKeighan,2023-05-06
679,Filide,Ivankin,2023-05-28
680,Elsworth,Gillmore,2022-10-30
681,Rabbi,Wort,2023-01-17
682,Melesa,Kilroy,2023-03-17
683,Billye,Lamanby,2022-12-17
684,Jermain,Ruggier,2022-10-15
685,Carrol,Aldersley,2023-03-04
686,Anthony,Gaskal,2022-07-08
687,Donni,Doche,2023-04-03
688,Cairistiona,Hoffner,2023-05-20
689,Brade,Baudino,2023-02-24
690,Windham,Woolvett,2023-05-07
691,Jermaine,Self,2023-05-23
692,Barth,Bennit,2023-01-24
693,Jammal,Limb,2022-07-21
694,Zitella,Mannooch,2022-09-18
695,Alyce,McCafferty,2022-07-31
696,Elysee,Ends,2022-08-12
697,Catriona,Allridge,2023-04-24
698,Camey,Lyptratt,2022-08-06
699,Hervey,Oakley,2023-03-26
700,Antone,Goodhew,2022-12-10
701,Marji,Zarfati,2023-06-14
702,Alic,Fer,2022-10-29
703,Weylin,Moro,2022-11-06
704,Roscoe,Vase,2022-11-01
705,Pennie,Grayshon,2022-07-29
706,Matelda,McNirlan,2023-01-26
707,Kalle,Hessenthaler,2023-05-26
708,Massimo,Fist,2022-11-09
709,Levey,Tolhurst,2022-11-09
710,Irita,Scoggins,2023-03-12
711,Sissy,Todman,2022-09-04
712,Dorisa,Myles,2023-03-15
713,Annalee,Draper,2023-01-01
714,Dorothea,Klee,2023-02-02
715,Dietrich,Pesterfield,2022-06-30
716,Cullan,Strettell,2022-12-22
717,Reid,Plott,2023-01-05
718,Ardelis,Lithgow,2022-06-30
719,Rozanna,Niles,2023-03-03
720,Chane,Goldthorpe,2022-12-01
721,Mora,Marcoolyn,2022-07-25
722,Jammal,Broske,2022-10-27
723,Melodee,Simpkiss,2023-02-09
724,Ambrosius,Fishly,2023-03-07
725,Sebastien,Quakley,2022-12-26
726,Kele,Estabrook,2022-10-19
727,Minda,Falkinder,2022-08-24
728,Pascal,Brambill,2022-12-26
729,Ari,Sponder,2022-12-09
730,Carolyn,Broscombe,2022-07-09
731,Julita,Polglase,2022-08-10
732,Celeste,Sidebottom,2022-09-17
733,Phyllida,Reeson,2023-05-06
734,Ilsa,Well,2023-05-19
735,Barnett,McQuillen,2022-10-06
736,Ruby,Child,2022-08-18
737,Brade,Dungey,2023-05-29
738,Chilton,Jeremiah,2023-02-24
739,Hannah,Dauney,2022-12-26
740,Erhart,Petcher,2022-10-23
741,Annadiane,Kobsch,2022-12-16
742,Jacky,Girsch,2022-09-09
743,Loreen,Ailmer,2022-08-25
744,Cassondra,Wonter,2022-10-02
745,Tabbitha,Bailes,2023-04-22
746,Raven,Upwood,2022-11-15
747,Lemuel,Mcmanaman,2022-08-22
748,Alix,Iskowicz,2022-08-10
749,Krystal,Seymour,2023-03-30
750,Lotti,Skahill,2023-03-31
751,Alica,O'Gleasane,2023-04-23
752,Nora,Routham,2023-03-05
753,Hubert,Weldrake,2022-12-29
754,Reinhard,Lindberg,2023-06-10
755,Fred,Shakesbye,2023-03-11
756,Kerk,Clear,2023-04-26
757,Currie,Ormston,2022-07-06
758,Bibby,Szymon,2023-04-17
759,Law,Meneur,2022-08-25
760,Aurelea,Brockwell,2022-12-29
761,Brockie,Bleazard,2022-11-07
762,Nita,Shoobridge,2022-09-11
763,Gae,Haugh,2023-05-02
764,Lion,Plevin,2023-04-27
765,Yvor,Phlippi,2022-06-21
766,Emory,Crichmer,2022-07-24
767,Erasmus,Sarll,2023-06-12
768,Tanny,Vine,2023-05-14
769,Kelsi,Doggrell,2023-05-26
770,Aile,Arrell,2023-04-29
771,Miner,Fawlks,2023-04-17
772,Nicki,Johnigan,2023-04-28
773,Zebadiah,Blazdell,2023-05-22
774,Clem,Broseman,2022-08-16
775,Elnora,Dannett,2023-01-03
776,Creighton,Yole,2022-12-31
777,Yancy,Grosier,2022-10-30
778,Debee,Yerrell,2022-06-21
779,Reba,Pettyfar,2022-12-03
780,Celestia,Dibbert,2023-03-20
781,Aaron,Hilldrup,2022-07-10
782,Juanita,Batterham,2022-11-01
783,Micky,Carrigan,2022-09-06
784,Rosaline,Redgrave,2022-12-04
785,Gerald,Bolle,2022-07-09
786,Fan,Siggs,2022-11-17
787,Neille,Baseke,2022-10-27
788,Anselm,Kilmartin,2022-12-05
789,Gene,Roseveare,2022-09-30
790,Vinny,Brabbins,2023-03-29
791,Lotta,Stanfield,2022-11-05
792,Kelsey,Wye,2022-11-11
793,Ki,Archibold,2022-08-22
794,Kacy,Bowmer,2022-07-07
795,Giana,Strothers,2022-06-22
796,Myranda,Borel,2023-04-02
797,Chaim,Hamnet,2023-03-26
798,Karry,Dodgshun,2023-01-09
799,Zondra,Isakovitch,2022-07-24
800,Ernst,McCrea,2022-07-25
801,Atlante,Nancekivell,2022-07-14
802,Eunice,Domenge,2022-11-27
803,Mel,Dillicate,2023-01-18
804,Filberto,Colcomb,2022-10-28
805,Chloris,Ace,2022-07-26
806,Holly,Dyers,2023-03-06
807,Michaela,Verrick,2023-02-06
808,Oralla,Dettmar,2023-06-03
809,Vachel,Van,2023-04-23
810,Flossie,Bracer,2023-04-30
811,Hillard,Ricco,2022-11-21
812,Fax,Dicker,2023-02-15
813,Aubert,Britland,2022-07-14
814,Petronia,Haslock,2023-03-28
815,Jules,Kitchen,2022-09-20
816,Lila,Gammidge,2023-04-03
817,Rossie,Gainsboro,2022-09-14
818,Fax,Edsell,2023-03-24
819,Gil,Gouly,2022-08-02
820,Rafi,Binney,2022-12-13
821,Town,Gooder,2023-01-24
822,Maggie,Mattsson,2022-08-22
823,Suzi,Muffin,2022-07-23
824,Karlotte,Clemenson,2023-05-01
825,Arch,Lascelles,2022-07-03
826,Carny,Dymock,2022-11-05
827,Nelli,Crankhorn,2022-07-03
828,Dianna,Cust,2022-09-26
829,Kim,Rymour,2022-09-24
830,Eleen,Hallgalley,2023-01-22
831,Rennie,Hamshaw,2023-04-25
832,Corene,Thay,2023-02-23
833,Malena,Kubacek,2022-08-14
834,Tobey,Scarratt,2022-09-01
835,Tedd,Roseveare,2022-09-02
836,Reggie,Van der Kruijs,2023-06-07
837,Claudian,Tanswill,2022-12-02
838,Thedric,McCormack,2022-07-02
839,Efrem,Ashling,2023-05-12
840,Clare,Perche,2022-10-29
841,Alex,Simeonov,2022-07-14
842,Adlai,Vitet,2022-10-08
843,Jany,Vallerine,2023-05-21
844,Garrett,Jaumet,2022-07-08
845,Brandise,Mease,2022-09-08
846,Griz,Holberry,2023-01-04
847,Zollie,Barnardo,2022-08-30
848,Sela,Crampin,2023-02-13
849,Marrilee,Cahn,2022-08-02
850,Hussein,Thewlis,2022-10-18
851,Kurtis,Lissemore,2023-05-15
852,Renell,Roxburch,2022-12-29
853,Beaufort,Burnup,2022-10-07
854,Garret,Fernehough,2022-11-11
855,Drusilla,Puckett,2022-09-21
856,Florrie,Cavey,2022-10-30
857,Tommie,Miere,2023-02-03
858,Zachery,De Maine,2022-11-07
859,Holly,Burdell,2023-03-12
860,Concordia,Gotthard.sf,2022-09-16
861,Tim,Clipsham,2022-12-09
862,Tiffie,Eldridge,2022-10-10
863,Kerry,Belle,2023-05-09
864,Dukie,Junkison,2022-07-16
865,Nataline,Satterthwaite,2022-12-14
866,Christi,Elt,2022-10-13
867,Darice,Auckland,2022-12-21
868,Cullie,Gelderd,2022-10-07
869,Caryl,Novak,2023-04-18
870,Lucien,Strange,2022-08-09
871,Caresse,Hussell,2022-11-01
872,Jonathon,Pury,2022-08-28
873,Jo,Borgnol,2022-08-07
874,Allis,Fidelus,2023-05-07
875,Laetitia,Mancell,2023-05-06
876,Beatrix,Fowley,2023-04-15
877,Salaidh,Levett,2022-09-26
878,Carla,Zorener,2022-09-20
879,Gerty,Toler,2022-07-26
880,Adelaide,Dunbobin,2023-03-07
881,Diann,Lanning,2023-06-05
882,Giraud,Maudsley,2022-08-01
883,Noelani,Grimsey,2022-08-04
884,Ingamar,Assandri,2022-07-07
885,Melantha,Cargon,2022-07-27
886,Kacie,Kunisch,2023-02-23
887,Kippie,Britt,2023-04-28
888,Hernando,Banting,2022-08-08
889,Arlina,Dowson,2023-03-27
890,Vonni,Eastabrook,2023-06-17
891,Wilhelmina,Hatt,2023-03-07
892,Georgie,Pabel,2023-01-10
893,Teddy,Trenear,2023-04-10
894,Gwyneth,Growy,2022-09-22
895,Graham,Colten,2022-06-24
896,Emmalynn,Thorowgood,2023-06-13
897,Danice,Ivanin,2023-04-10
898,Herrick,Cordsen,2022-09-17
899,Cristy,Fligg,2023-03-25
900,Brady,Boissier,2023-05-17
901,Stanton,Willcocks,2022-12-14
902,Harv,Hawkins,2022-11-06
903,Bard,Heap,2023-04-06
904,Hollyanne,Loosley,2023-05-22
905,Ingunna,Perico,2022-08-30
906,Andros,Benfield,2023-05-20
907,Eda,Decreuze,2023-04-24
908,Winfred,Matuska,2022-09-21
909,Ricki,Barnson,2022-12-14
910,Virge,Middlemiss,2022-08-20
911,Lucho,Hubble,2023-05-31
912,Kenton,Petzolt,2022-09-06
913,Klarika,Olennikov,2022-10-20
914,Colin,Rosenzwig,2023-05-12
915,Sisely,Ram,2022-10-09
916,Ellyn,Kille,2022-09-11
917,Hatty,Mandrake,2022-06-24
918,Ulrica,Seston,2022-09-30
919,Cross,Druitt,2023-02-07
920,Joyan,Radeliffe,2022-12-17
921,Tabbatha,Havercroft,2023-02-21
922,Ross,Cowtherd,2022-12-06
923,Stella,MacKonochie,2022-07-04
924,Annecorinne,Potes,2023-06-05
925,Nanette,Milella,2023-06-02
926,Jeana,Gargett,2023-05-26
927,Jessalyn,Petrushka,2022-08-21
928,Diahann,Trodden,2023-03-21
929,Danny,Jordan,2022-12-04
930,Ikey,Cruikshank,2022-10-07
931,Tristan,D'eye,2023-04-03
932,Leisha,Savory,2023-02-28
933,Jorge,Cleminson,2023-02-04
934,Pattie,Fairchild,2022-09-07
935,Madlen,Mannagh,2022-10-03
936,Ches,Chetwynd,2023-01-30
937,Livvy,Bythway,2023-01-28
938,Ferdinanda,Petry,2022-11-10
939,Lyndsay,Kix,2023-04-23
940,Stacy,Coraini,2022-07-31
941,Emiline,Camilleri,2022-07-25
942,Georgina,Westmore,2023-05-12
943,Shanie,Bockh,2023-01-22
944,Krystle,Ricardot,2022-07-02
945,Vidovic,Karlsen,2022-09-30
946,Lemuel,Feedham,2023-02-06
947,Neall,Claasen,2022-08-08
948,Price,Gadie,2023-01-13
949,Amalee,Karpenko,2022-07-10
950,Ingrid,Bohl,2022-06-26
951,Wilton,Wix,2023-01-27
952,Carolyne,Cosson,2023-02-02
953,Shay,Arias,2022-12-12
954,Sean,Tratton,2022-10-04
955,Georgie,Gulleford,2022-10-19
956,Gillan,Liddyard,2022-10-22
957,Isabeau,Goymer,2023-04-29
958,Konstanze,Pegrum,2022-07-17
959,Lilian,Beurich,2023-01-24
960,Dina,Brockway,2023-06-09
961,Gustavo,Eastam,2023-05-31
962,Valene,Beumant,2022-08-10
963,Dee,Cholwell,2022-08-06
964,Starr,Orto,2022-10-29
965,Jacynth,Brampton,2023-05-31
966,Kearney,Cardoso,2022-10-21
967,Ophelia,Shyre,2022-09-25
968,Immanuel,Scotchmore,2022-11-18
969,Celestyn,Skillman,2022-10-16
970,Ericha,Lowbridge,2023-06-13
971,Agace,Dedman,2023-04-28
972,Chico,Gaymer,2022-08-08
973,Fitz,Pariss,2023-02-13
974,Kayley,Halley,2023-01-28
975,Yorgos,Heymes,2023-02-20
976,Reta,MacCaughan,2023-03-20
977,Chrisse,Godfrey,2022-08-31
978,Bertina,Gildersleaves,2023-05-29
979,Gabe,Bugge,2022-12-27
980,Jerrine,Shellcross,2022-10-02
981,Dorry,Luckey,2022-10-13
982,Shepard,Fairhead,2022-12-23
983,Rikki,Liquorish,2023-01-20
984,Julissa,Hadgraft,2022-12-20
985,Imogen,Tinsey,2022-12-22
986,Sibelle,Stevenson,2023-05-05
987,Wanids,Cloney,2022-12-19
988,Aeriel,Georgelin,2023-05-11
989,Nicky,Skeats,2022-10-20
990,Velma,Halton,2023-03-17
991,Robin,Ivashkov,2023-01-28
992,Averill,Early,2023-01-05
993,Monique,Perrycost,2023-04-01
994,Farlee,Gatherer,2023-02-11
995,Aurie,Fri,2022-09-01
996,Elliott,Jobe,2023-01-19
997,Sarena,Guwer,2023-02-13
998,Franciska,Brisset,2023-03-09
999,Tedda,MacAne,2023-04-22
1000,Ingunna,Godilington,2022-10-15
